LST_ListingID,LST_LNG_LanguageID,LST_VLO_VendorLocationID,LST_VIT_VendorItemID,LST_SER_ServiceID,LST_ParentListingID,LST_ITT_ItemTypeID,LST_ListingName,LST_UrlTitle,LST_ListingDesc,LST_CustomMessage,LST_RefundPolicy,LST_CancellationPolicy,LST_ListingAccess,LST_StartDateTime,LST_EndDateTime,LST_ViewCount,LST_ClickCount,LST_Priority,LST_Order,LST_IsDefault,LST_ShuttleServiceAvailable,LST_CanSubscribe,LST_isExternalListing,LST_VersionNo,LST_Status,LST_CreatedUserID,LST_CreatedDateTime,LST_LastModifiedUserID,LST_LastModifiedDateTime,Legacy_ID,LST_ExternalId,LST_IsCustomRedemptionSteps,LST_IsSeoListing,LST_InventoryOwner,LST_IsExclusiveInventory,LST_DisplayName
6312921,1,388077,4532994,48,NULL,2350,"Mister Car Wash - Reading","Mister Car Wash - Reading","Get a fast car wash when you go to Mister Car Wash. Mister Car Wash - Reading, Pennsylvania, is located at 600 Revere Boulevard, near the intersection of Revere Blvd and Princeton Ave. This location is close to The UPS store, Lowe's Home Improvement and Springfield Veterinary Hospital.
At this location of Mister Car Wash in Reading, you can get a simple and quick car wash, complete with T3 conditioner and more!  Sit back and relax while your car breezes through the wash station. Leave this car wash spot with a clean and spotless car within minutes.",,NULL,NULL,NULL,NULL,NULL,0,0,100,1,Yes,No,No,No,1,In-Active,44613,"2020-11-12 11:16:38",44613,"2021-03-25 03:54:28",NULL,NULL,No,No,WAY,NULL,NULL
6312922,1,387826,4532995,48,NULL,2351,"SEO Locations",NULL,,NULL,NULL,NULL,NULL,NULL,NULL,0,0,100,1,Yes,No,No,No,1,Active,44613,"2020-11-12 11:30:04",7974332,"2024-05-22 13:33:48",NULL,NULL,No,No,WAY,NULL,NULL
6312923,1,387826,4532996,48,6312922,2352,"Way Car Wash Ultimate Voucher",NULL,"Once you've purchased your car wash voucher, you will receive a voucher for redemption. The car wash voucher is easily accessible through the Way App, or you can receive the voucher through your email. 
  
When you’ve arrived at the car wash location, redeem your voucher at the wash station. Once done, simply proceed to the car wash station for a clean and sparkling car!",NULL,NULL,"All subscription purchases are non-refundable. Subscription purchases are cancelable for the following month. Once charged, it will be non-refundable.",NULL,NULL,NULL,0,0,100,1,Yes,No,No,No,1,Active,44613,"2020-11-12 11:30:04",44613,"2020-12-02 09:34:43",NULL,NULL,No,No,WAY,NULL,NULL
6312924,1,387826,4532997,48,NULL,2351,"Family Car Wash",NULL,,NULL,NULL,NULL,NULL,NULL,NULL,0,0,100,1,Yes,No,No,No,1,In-Active,44613,"2020-11-12 11:34:18",1828315,"2021-08-14 03:23:34",NULL,NULL,No,No,WAY,NULL,NULL
6312925,1,387826,4532998,48,6312924,2353,"Family Car Wash Pass",NULL,"1. Tap on "Get New Carwash code" and get it scanned at the paystation<br/>2. Enjoy the car washing experience!<br/>*You can redeem only once a day<br/>",NULL,NULL,"All subscription purchases are non-refundable. Subscription purchases are cancelable for the following month. Once charged and renewed, it will be non-refundable or cancelable for the month paid.",NULL,NULL,NULL,0,0,100,1,Yes,No,No,No,1,Active,44613,"2020-11-12 11:34:18",44613,"2021-07-12 09:54:58",NULL,NULL,No,No,WAY,NULL,NULL
6312926,1,387826,4532999,48,6312924,2352,"Way Express Car Wash Voucher",NULL,"1. Scan your barcode at the paystation<br/>2. Enjoy the car washing experience!<br/>",NULL,NULL,"Vouchers can't be cancelled.",NULL,NULL,NULL,0,0,100,1,Yes,No,No,No,1,Deleted,44613,"2020-11-12 11:34:18",44613,"2020-11-12 11:34:18",NULL,NULL,No,No,WAY,NULL,NULL
6312927,1,387826,4533000,48,NULL,2351,"8 Dollar Car Wash Voucher Pass",NULL,,NULL,NULL,NULL,NULL,NULL,NULL,0,0,100,1,Yes,No,No,No,1,Active,44613,"2020-11-12 11:35:06",7974332,"2024-05-22 13:32:46",NULL,NULL,No,No,WAY,NULL,"Way Express Car Wash Voucher"
6312928,1,387826,4533001,48,6312927,2353,"Way Unlimited Car Wash Subscription",NULL,"1. Tap on "Get New Carwash code" and punch in the number code at the paystation<br/>2. Enjoy the car washing experience!<br/>*You can redeem only once a day<br/>",NULL,NULL,"Subscription can't be cancelled.",NULL,NULL,NULL,0,0,100,1,Yes,No,No,No,1,Deleted,44613,"2020-11-12 11:35:06",44613,"2020-11-25 06:01:14",NULL,NULL,No,No,WAY,NULL,NULL
6312929,1,387826,4533002,48,6312927,2352,"Way Express Car Wash Voucher",NULL,"1.  Punch in the number code at the paystation<br/>2. Enjoy the car washing experience!<br/>",NULL,NULL,"All vouchers are available immediately after purchase. These vouchers are not returnable and are not refundable. You may use your one-time voucher at this car wash station for up to year.",NULL,NULL,NULL,0,0,100,1,Yes,No,No,No,1,Active,44613,"2020-11-12 11:35:06",44613,"2020-11-25 06:01:14",NULL,NULL,No,No,WAY,NULL,NULL
6313152,1,388136,4533119,48,NULL,2350,"Mister Car Wash - Ephrata","Mister Car Wash - Ephrata","Get a fast car wash when you go to Mister Car Wash. Mister Car Wash - Ephrata located at 825 W Main Street, close to the intersection of W Main Street and N Reading Rd.find us near WellSpan Ephrata Community Hospital, The UPS Store, and Ephrata Rec Center. Mister Car Wash staffed with car care experts who are ready to help keep your vehicle clean and safe.
At this location of Mister Car Wash in Ephrata, you can get a simple and quick car wash, complete with T3 conditioner and more!  Sit back and relax while your car breezes through the wash station. Leave this car wash spot with a clean and spotless car within minutes.",,NULL,NULL,NULL,NULL,NULL,0,0,100,1,Yes,No,No,No,1,In-Active,44613,"2020-11-17 09:31:53",44613,"2020-11-17 12:10:37",NULL,NULL,No,No,WAY,NULL,NULL
6313153,1,388137,4533120,48,NULL,2350,"Mister Car Wash - Lancaster","Mister Car Wash - Lancaster","Get a fast car wash when you go to Mister Car Wash. Mister Car Wash - Lancaster located at 1417 Manheim Pike near Park City Center, Enterprise Rent-A-Car and Pizza Hut. If you’re heading Northwest on Manheim Pike, entrance will be on right-hand side just after Popeyes Louisiana Kitchen and Long John Silver’s. 

At this location of Mister Car Wash in Lancaster, you can get a simple and quick car wash, complete with T3 conditioner and more!  Sit back and relax while your car breezes through the wash station. Leave this car wash spot with a clean and spotless car within minutes.",,NULL,NULL,NULL,NULL,NULL,0,0,100,1,Yes,No,No,No,1,In-Active,12522,"2020-11-17 10:10:08",12522,"2020-11-17 10:10:08",NULL,NULL,No,No,WAY,NULL,NULL
6313359,1,388160,4533166,48,NULL,2350,"Mister Car Wash - York","Mister Car Wash - York","Get a fast car wash when you go to Mister Car Wash. Mister Car Wash - York is located at 2720 E Market Street, near the intersection of E Market Street and S Northern Way. This location is close to York County Shopping Center, Lowe’s Home Improvement, Walmart Supercenter and The Home Depot. If you’re heading West on Market Street, take a left onto Northern Way and our entrance will be on your left-hand side just before Little Caesars Pizza. 

At this location of Mister Car Wash in York, you can get a simple and quick car wash, complete with T3 conditioner and more!  Sit back and relax while your car breezes through the wash station. Leave this car wash spot with a clean and spotless car within minutes.",,NULL,NULL,NULL,NULL,NULL,0,0,100,1,Yes,No,No,No,1,In-Active,44613,"2020-11-18 09:41:39",44613,"2020-11-18 09:41:39",NULL,NULL,No,No,WAY,NULL,NULL
6313367,1,388163,4533174,48,NULL,2350,"Mister Car Wash - Severna","Mister Car Wash - Severna","Get a fast car wash when you go to Mister Car Wash. Mister Car Wash - Severna located at 8562 Veterans Highway and share the same neighborhood with Maryland Environmental Service and The Goddard School. You’ll be able to see entrance on your left-hand side if you are going North on Veteran’s Highway, just after passing through Benfield Boulevard.  

At this location of Mister Car Wash in Severna, you can get a simple and quick car wash, complete with T3 conditioner and more!  Sit back and relax while your car breezes through the wash station. Leave this car wash spot with a clean and spotless car within minutes.",,NULL,NULL,NULL,NULL,NULL,0,0,100,1,Yes,No,No,No,1,In-Active,44613,"2020-11-18 11:17:47",44613,"2020-11-18 11:17:47",NULL,NULL,No,No,WAY,NULL,NULL
6313368,1,388164,4533175,48,NULL,2350,"Mister Car Wash - Annapolis","Mister Car Wash - Annapolis","Get a fast car wash when you go to Mister Car Wash.Mister Car Wash - Annapolis is located across the street from Annapolis Harbour Center and near other establishments such as The Home Depot, Forest Plaza Shopping Center and Festival at Riva Shopping Center. The easiest way to enter Mister Car Wash - Annapolis is by going North on Solomon’s Island Road, you’ll see us on your right-hand side just before Annapolis Subaru. 

At this location of Mister Car Wash in Annapolis, you can get a simple and quick car wash, complete with T3 conditioner and more!  Sit back and relax while your car breezes through the wash station. Leave this car wash spot with a clean and spotless car within minutes.",,NULL,NULL,NULL,NULL,NULL,0,0,100,1,Yes,No,No,No,1,In-Active,44613,"2020-11-18 12:14:55",44613,"2020-11-18 12:14:55",NULL,NULL,No,No,WAY,NULL,NULL
6313372,1,388166,4533179,48,NULL,2350,"Mister Car Wash - Center Avenue","Mister Car Wash - Center Avenue","Get a fast car wash when you go to Mister Car Wash.Mister Car Wash - Center Avenue is located at 2921 Center Avenue in Essexville near the intersection of Center Avenue and Scheurmann Road. You’ll find us in between Walgreens and Pioneer Quick Lube.

At this location of Mister Car Wash - Center Avenue, you can get a simple and quick car wash, complete with T3 conditioner and more!  Sit back and relax while your car breezes through the wash station. Leave this car wash spot with a clean and spotless car within minutes.",,NULL,NULL,NULL,NULL,NULL,0,0,100,1,Yes,No,No,No,1,In-Active,44613,"2020-11-18 12:35:15",44613,"2020-11-18 12:35:15",NULL,NULL,No,No,WAY,NULL,NULL
6313373,1,388167,4533180,48,NULL,2350,"Mister Car Wash - Wilder","Mister Car Wash - Wilder","Get a fast car wash when you go to Mister Car Wash. Mister Car Wash - Wilder is located at 3631 Wilder Road next to O’Reilly Auto Parts near Adela Ct.

At this location of Mister Car Wash - Wilder, you can get a simple and quick car wash, complete with T3 conditioner and more!  Sit back and relax while your car breezes through the wash station. Leave this car wash spot with a clean and spotless car within minutes.",,NULL,NULL,NULL,NULL,NULL,0,0,100,1,Yes,No,No,No,1,In-Active,44613,"2020-11-18 12:45:51",44613,"2020-11-18 12:45:51",NULL,NULL,No,No,WAY,NULL,NULL
6313376,1,388169,4533183,48,NULL,2350,"Mister Car Wash - N. Union","Mister Car Wash - N. Union","Get a fast car wash when you go to Mister Car Wash. Mister Car Wash - N. Union is located at 901 North Euclid Avenue in Bay City, Michigan. You can find us between Wendy’s and Arby’s, near the corner of N. Euclid Ave and E. North Union Rd. 

At this location of Mister Car Wash - N. Union, you can get a simple and quick car wash, complete with T3 conditioner and more!  Sit back and relax while your car breezes through the wash station. Leave this car wash spot with a clean and spotless car within minutes.",,NULL,NULL,NULL,NULL,NULL,0,0,100,1,Yes,No,No,No,1,In-Active,44613,"2020-11-18 13:14:38",44613,"2020-11-18 13:14:38",NULL,NULL,No,No,WAY,NULL,NULL
6313377,1,388170,4533184,48,NULL,2350,"Mister Car Wash - Bay Road","Mister Car Wash - Bay Road","Get a fast car wash when you go to Mister Car Wash. Mister Car Wash - Bay Road located near the corner of Bay Road and Enterprise Drive across the street from Uhaul and Duke’s Car Stereo. 

At this location of Mister Car Wash - Bay Road, you can get a simple and quick car wash, complete with T3 conditioner and more!  Sit back and relax while your car breezes through the wash station. Leave this car wash spot with a clean and spotless car within minutes.",,NULL,NULL,NULL,NULL,NULL,0,0,100,1,Yes,No,No,No,1,In-Active,44613,"2020-11-18 13:38:22",44613,"2020-11-18 13:38:22",NULL,NULL,No,No,WAY,NULL,NULL
6313539,1,388183,4533209,48,NULL,2350,"Mister Car Wash - Lawndale","Mister Car Wash - Lawndale","Get a fast car wash when you go to Mister Car Wash. Mister Car Wash - Lawndale is located at 6075 State Street, near the intersection of State Street and Midland Road. You’ll find us close to Jim Redmond Automotive Repair and Aldi. 

At this location of Mister Car Wash in Lawndale, you can get a simple and quick car wash, complete with T3 conditioner and more!  Sit back and relax while your car breezes through the wash station. Leave this car wash spot with a clean and spotless car within minutes.",,NULL,NULL,NULL,NULL,NULL,0,0,100,1,Yes,No,No,No,1,In-Active,44613,"2020-11-19 09:19:19",44613,"2020-11-19 09:19:19",NULL,NULL,No,No,WAY,NULL,NULL
6313542,1,388185,4533212,48,NULL,2350,"Mister Car Wash - Saginaw","Mister Car Wash - Saginaw","Get a fast car wash when you go to Mister Car Wash.Mister Car Wash - Saginaw is located at 1214 S Saginaw Road, near the intersection of Washington Street and Saginaw Road. You’ll find us across the street from Speedway Gas Station and Valvoline Oil Change.

At this location of Mister Car Wash in Saginaw, you can get a simple and quick car wash, complete with T3 conditioner and more!  Sit back and relax while your car breezes through the wash station. Leave this car wash spot with a clean and spotless car within minutes.",,NULL,NULL,NULL,NULL,NULL,0,0,100,1,Yes,No,No,No,1,In-Active,44613,"2020-11-19 09:36:48",44613,"2020-11-19 09:36:48",NULL,NULL,No,No,WAY,NULL,NULL
6313545,1,388187,4533215,48,NULL,2350,"Mister Car Wash - Cinema","Mister Car Wash - Cinema","Get a fast car wash when you go to Mister Car Wash. Mister Car Wash - Cinema is located at 525 Joe Mann Blvd, near the intersection of Jefferson Avenue and Highway 10. You’ll find us close to Ford Midland and Planet Fitness.

At this location of Mister Car Wash in Cinema, you can get a simple and quick car wash, complete with T3 conditioner and more!  Sit back and relax while your car breezes through the wash station. Leave this car wash spot with a clean and spotless car within minutes.",,NULL,NULL,NULL,NULL,NULL,0,0,100,1,Yes,No,No,No,1,In-Active,44613,"2020-11-19 09:45:57",44613,"2020-11-19 09:45:57",NULL,NULL,No,No,WAY,NULL,NULL
6313548,1,388189,4533218,48,NULL,2350,"Mister Car Wash - Lansing","Mister Car Wash - Lansing","Get a fast car wash when you go to Mister Car Wash. Mister Car Wash - Lansing is located at 6008 W Saginaw Hwy in Lansing, Michigan. You will find us close by the intersection of Saginaw Highway and Creyts Road between The Vitamin Shoppe and Palmer, Bush and Jensen. 

At this location of Mister Car Wash in Lansing, you can get a simple and quick car wash, complete with T3 conditioner and more!  Sit back and relax while your car breezes through the wash station. Leave this car wash spot with a clean and spotless car within minutes.",,NULL,NULL,NULL,NULL,NULL,0,0,100,1,Yes,No,No,No,1,In-Active,44613,"2020-11-19 09:51:33",44613,"2020-11-19 09:51:33",NULL,NULL,No,No,WAY,NULL,NULL
6313549,1,388190,4533219,48,NULL,2350,"Mister Car Wash - Grand Ledge","Mister Car Wash - Grand Ledge","Get a fast car wash when you go to Mister Car Wash. Mister Car Wash - Grand Ledge is located at 940 Saginaw Highway in Grand Ledge, Michigan. You will find us close by the intersection of W Saginaw Highway and S Clinton Street between the Valvoline Instant Oil Change and Wendys. 

At this location of Mister Car Wash in Grand Ledge, you can get a simple and quick car wash, complete with T3 conditioner and more!  Sit back and relax while your car breezes through the wash station. Leave this car wash spot with a clean and spotless car within minutes.",,NULL,NULL,NULL,NULL,NULL,0,0,100,1,Yes,No,No,No,1,In-Active,44613,"2020-11-19 10:01:29",44613,"2020-11-19 10:01:29",NULL,NULL,No,No,WAY,NULL,NULL
6313550,1,388191,4533220,48,NULL,2350,"Mister Car Wash - Pickard","Mister Car Wash - Pickard","Get a fast car wash when you go to Mister Car Wash. Mister Car Wash - Pickard is located at 5190 E Pickard Road, nearby Burger King and Art Van Furniture. 

At this location of Mister Car Wash Pickard, you can get a simple and quick car wash, complete with T3 conditioner and more!  Sit back and relax while your car breezes through the wash station. Leave this car wash spot with a clean and spotless car within minutes.",,NULL,NULL,NULL,NULL,NULL,0,0,100,1,Yes,No,No,No,1,In-Active,44613,"2020-11-19 10:10:04",44613,"2020-11-19 10:10:04",NULL,NULL,No,No,WAY,NULL,NULL
6313551,1,388192,4533221,48,NULL,2350,"Mister Car Wash - Craig Hill","Mister Car Wash - Craig Hill","Get a fast car wash when you go to Mister Car Wash. Mister Car Wash - Craig Hill is located at 430 South Mission Street in Mt Pleasant just south of Ace of Diamonds.

At this location of Mister Car Wash Craig Hill, you can get a simple and quick car wash, complete with T3 conditioner and more!  Sit back and relax while your car breezes through the wash station. Leave this car wash spot with a clean and spotless car within minutes.",,NULL,NULL,NULL,NULL,NULL,0,0,100,1,Yes,No,No,No,1,In-Active,44613,"2020-11-19 10:16:12",44613,"2020-11-19 10:16:12",NULL,NULL,No,No,WAY,NULL,NULL
6313552,1,388193,4533222,48,NULL,2350,"Mister Car Wash - Greenville","Mister Car Wash - Greenville","Get a fast car wash when you go to Mister Car Wash. Mister Car Wash - Greenville is located at 725 N Lafayette St. Greenville. You will find us near N Lafayette Street and N Coffren Avenue next to the Pizza Hut. 
At this location of Mister Car Wash - Greenville, you can get a simple and quick car wash, complete with T3 conditioner and more!  Sit back and relax while your car breezes through the wash station. Leave this car wash spot with a clean and spotless car within minutes.",,NULL,NULL,NULL,NULL,NULL,0,0,100,1,Yes,No,No,No,1,In-Active,44613,"2020-11-19 10:25:21",44613,"2020-11-19 10:25:21",NULL,NULL,No,No,WAY,NULL,NULL
6313553,1,388194,4533223,48,NULL,2350,"Mister Car Wash - Cascade","Mister Car Wash - Cascade","Get a fast car wash when you go to Mister Car Wash. Mister Car Wash - Cascade is located at 6771 Old 28th St SE Grand Rapids, Michigan. You will find us near Cascade Road SE and Old 28th Street SE next to the CITGO gas station.

At this location of Mister Car Wash - Cascade, you can get a simple and quick car wash, complete with T3 conditioner and more!  Sit back and relax while your car breezes through the wash station. Leave this car wash spot with a clean and spotless car within minutes.",,NULL,NULL,NULL,NULL,NULL,0,0,100,1,Yes,No,No,No,1,In-Active,44613,"2020-11-19 10:32:57",44613,"2020-11-19 10:32:57",NULL,NULL,No,No,WAY,NULL,NULL
6313554,1,388195,4533224,48,NULL,2350,"Mister Car Wash - Centerpointe","Mister Car Wash - Centerpointe","Get a fast car wash when you go to Mister Car Wash. Mister Car Wash - Centerpointe is located 3797 28th Street SE near the intersection of 28th Street SE and Lake Eastbrook Blvd SE. You’ll find us close to Belle Tire and U-Haul.

At this location of Mister Car Wash - Centerpointe, you can get a simple and quick car wash, complete with T3 conditioner and more!  Sit back and relax while your car breezes through the wash station. Leave this car wash spot with a clean and spotless car within minutes.",,NULL,NULL,NULL,NULL,NULL,0,0,100,1,Yes,No,No,No,1,In-Active,44613,"2020-11-19 10:42:04",44613,"2020-11-19 10:42:04",NULL,NULL,No,No,WAY,NULL,NULL
6313555,1,388196,4533225,48,NULL,2350,"Mister Car Wash - Woodland","Mister Car Wash - Woodland","Get a fast car wash when you go to Mister Car Wash. Mister Car Wash - Woodland is located 2730 28th SE in Grand Rapids, Michigan, near the intersection of 28th St. SE and Radcliff Ave.

At this location of Mister Car Wash - Woodland , you can get a simple and quick car wash, complete with T3 conditioner and more!  Sit back and relax while your car breezes through the wash station. Leave this car wash spot with a clean and spotless car within minutes.",,NULL,NULL,NULL,NULL,NULL,0,0,100,1,Yes,No,No,No,1,In-Active,44613,"2020-11-19 12:10:31",44613,"2020-11-19 12:10:31",NULL,NULL,No,No,WAY,NULL,NULL
6313556,1,388197,4533226,48,NULL,2350,"Mister Car Wash - Beltline","Mister Car Wash - Beltline","Get a fast car wash when you go to Mister Car Wash. Mister Car Wash - Beltline is located located at 2205 E. Beltline Ave NE, next to the Subway and Wells Fargo.
You’ll be able to see our location at the intersection of Beltline Ave NE and Celebration Drive NE.

At this location of Mister Car Wash - Beltline , you can get a simple and quick car wash, complete with T3 conditioner and more!  Sit back and relax while your car breezes through the wash station. Leave this car wash spot with a clean and spotless car within minutes.",,NULL,NULL,NULL,NULL,NULL,0,0,100,1,Yes,No,No,No,1,In-Active,44613,"2020-11-19 12:15:35",44613,"2020-11-19 12:15:35",NULL,NULL,No,No,WAY,NULL,NULL
6313557,1,388198,4533227,48,NULL,2350,"Mister Car Wash - Kalamazoo","Mister Car Wash - Kalamazoo","Get a fast car wash when you go to Mister Car Wash. Mister Car Wash - Kalamazoo is located at 6700 Kalamazoo in Grand Rapids, Michigan, near the intersection of Kalamazoo Ave SE and 68th St. SE.

At this location of Mister Car Wash - Kalamazoo , you can get a simple and quick car wash, complete with T3 conditioner and more!  Sit back and relax while your car breezes through the wash station. Leave this car wash spot with a clean and spotless car within minutes.",,NULL,NULL,NULL,NULL,NULL,0,0,100,1,Yes,No,No,No,1,In-Active,44613,"2020-11-19 12:29:14",44613,"2020-11-19 12:29:14",NULL,NULL,No,No,WAY,NULL,NULL
6313558,1,388199,4533228,48,NULL,2350,"Mister Car Wash - 10 Mile","Mister Car Wash - 10 Mile","Get a fast car wash when you go to Mister Car Wash. Mister Car Wash - 10 Mile is located at 2775 10 Mile Road in Rockford, Michigan. We are located in-between Pizza Hut and Meijer Express Gas Station.

At this location of Mister Car Wash - 10 Mile , you can get a simple and quick car wash, complete with T3 conditioner and more!  Sit back and relax while your car breezes through the wash station. Leave this car wash spot with a clean and spotless car within minutes.",,NULL,NULL,NULL,NULL,NULL,0,0,100,1,Yes,No,No,No,1,In-Active,44613,"2020-11-19 12:36:43",44613,"2020-11-19 12:36:43",NULL,NULL,No,No,WAY,NULL,NULL
6313559,1,388200,4533229,48,NULL,2350,"Mister Car Wash - Junior","Mister Car Wash - Junior","Get a fast car wash when you go to Mister Car Wash. Mister Car Wash - Junior is located at 1000 28th St SE in Grand Rapids, Michigan, near the intersection of 28th St SE and Eastern Ave. SE. You’ll also find us close to Sharpe BMW and MINI of Grand Rapids.

At this location of Mister Car Wash - Junior, you can get a simple and quick car wash, complete with T3 conditioner and more!  Sit back and relax while your car breezes through the wash station. Leave this car wash spot with a clean and spotless car within minutes.",,NULL,NULL,NULL,NULL,NULL,0,0,100,1,Yes,No,No,No,1,In-Active,44613,"2020-11-19 12:46:39",44613,"2020-11-19 12:46:39",NULL,NULL,No,No,WAY,NULL,NULL
6313560,1,388201,4533230,48,NULL,2350,"Mister Car Wash - 44th Street","Mister Car Wash - 44th Street","Get a fast car wash when you go to Mister Car Wash. Mister Car Wash - 44th Street is located at604 44th Street SE near the intersection of 44th St. SE and Potter Ave SE. You’ll find us close to Member First Mortgage and Arby’s.

At this location of Mister Car Wash - 44th Street , you can get a simple and quick car wash, complete with T3 conditioner and more!  Sit back and relax while your car breezes through the wash station. Leave this car wash spot with a clean and spotless car within minutes.",,NULL,NULL,NULL,NULL,NULL,0,0,100,1,Yes,No,No,No,1,In-Active,44613,"2020-11-19 12:52:01",44613,"2020-11-19 12:52:01",NULL,NULL,No,No,WAY,NULL,NULL
6313663,1,388208,4533244,48,NULL,2350,"Mister Car Wash - Fuller","Mister Car Wash - Fuller","Get a fast car wash when you go to Mister Car Wash. Mister Car Wash - Fuller is located 40 Fuller Ave. NE near the intersection of Fuller Ave NE and Michigan St NE. You’ll find us close to Verizon and Ace Hardware.

At this location of Mister Car Wash - Fuller , you can get a simple and quick car wash, complete with T3 conditioner and more!  Sit back and relax while your car breezes through the wash station. Leave this car wash spot with a clean and spotless car within minutes.",,NULL,NULL,NULL,NULL,NULL,0,0,100,1,Yes,No,No,No,1,In-Active,44613,"2020-11-23 03:19:58",12522,"2020-12-03 15:39:03",NULL,NULL,No,No,WAY,NULL,NULL
6313664,1,388209,4533245,48,NULL,2350,"Mister Car Wash - Plainfield","Mister Car Wash - Plainfield","Get a fast car wash when you go to Mister Car Wash. Mister Car Wash - Plainfield is located at 3752 Plainfield Ave. NE near the intersection of Plainfield Ave NE and 4 Mile Rd NE. You’ll find us close to Kool Chevrolet and Village Motorsports.

At this location of Mister Car Wash - Plainfield , you can get a simple and quick car wash, complete with T3 conditioner and more!  Sit back and relax while your car breezes through the wash station. Leave this car wash spot with a clean and spotless car within minutes.",,NULL,NULL,NULL,NULL,NULL,0,0,100,1,Yes,No,No,No,1,In-Active,44613,"2020-11-23 03:32:45",12522,"2020-12-03 15:40:45",NULL,NULL,No,No,WAY,NULL,NULL
6313665,1,388210,4533246,48,NULL,2350,"Mister Car Wash - Wyoming","Mister Car Wash - Wyoming","Get a fast car wash when you go to Mister Car Wash. Mister Car Wash - Wyoming is located at 1259 28th SW in Wyoming, Michigan, near the intersection of De Hoop Ave and 28th St. SW. You’ll also find us close to the McDonalds, Rent-A-Center, and Biggby Coffee.

At this location of Mister Car Wash - Wyoming , you can get a simple and quick car wash, complete with T3 conditioner and more!  Sit back and relax while your car breezes through the wash station. Leave this car wash spot with a clean and spotless car within minutes.",,NULL,NULL,NULL,NULL,NULL,0,0,100,1,Yes,No,No,No,1,In-Active,44613,"2020-11-23 04:16:23",12522,"2020-12-03 16:10:44",NULL,NULL,No,No,WAY,NULL,NULL
6313666,1,388211,4533247,48,NULL,2350,"Mister Car Wash - Alpine","Mister Car Wash - Alpine","Get a fast car wash when you go to Mister Car Wash. Mister Car Wash - Alpine is located at 3755 Alpine NW in Comstock Park, Michigan, near the intersection of Alpine Ave. NW and 4 Mile Rd. NW. You’ll also find us close to Pep Boys Auto Service.

At this location of Mister Car Wash - Alpine , you can get a simple and quick car wash, complete with T3 conditioner and more!  Sit back and relax while your car breezes through the wash station. Leave this car wash spot with a clean and spotless car within minutes.",,NULL,NULL,NULL,NULL,NULL,0,0,100,1,Yes,No,No,No,1,In-Active,44613,"2020-11-23 04:21:22",12522,"2020-12-03 16:11:28",NULL,NULL,No,No,WAY,NULL,NULL
6313670,1,388213,4533251,48,NULL,2350,"Mister Car Wash - Leonard","Mister Car Wash - Leonard","Get a fast car wash when you go to Mister Car Wash. Mister Car Wash - Leonard is located at 1325 Leonard NW in Grand Rapids, Michigan, near the intersection of Leonard St. NW and Frederick Ave. NW.

At this location of Mister Car Wash - Leonard , you can get a simple and quick car wash, complete with T3 conditioner and more!  Sit back and relax while your car breezes through the wash station. Leave this car wash spot with a clean and spotless car within minutes.",,NULL,NULL,NULL,NULL,NULL,0,0,100,1,Yes,No,No,No,1,In-Active,44613,"2020-11-23 05:27:47",1828315,"2020-12-03 18:20:29",NULL,NULL,No,No,WAY,NULL,NULL
6313671,1,388214,4533252,48,NULL,2350,"Mister Car Wash - Walker","Mister Car Wash - Walker","Get a fast car wash when you go to Mister Car Wash. Mister Car Wash - Walker is located at 4260 Lake Michigan Dr. NW in Grand Rapids, Michigan near the intersection of Lake Michigan Dr and Cummings Ave SW. You’ll also find us close to Taco Bell, DeHops Brewing Company and Cafe, and Penzoil.

At this location of Mister Car Wash - Walker , you can get a simple and quick car wash, complete with T3 conditioner and more!  Sit back and relax while your car breezes through the wash station. Leave this car wash spot with a clean and spotless car within minutes.",,NULL,NULL,NULL,NULL,NULL,0,0,100,1,Yes,No,No,No,1,In-Active,44613,"2020-11-23 06:19:25",1828315,"2020-12-03 18:20:18",NULL,NULL,No,No,WAY,NULL,NULL
6313672,1,388215,4533253,48,NULL,2350,"Mister Car Wash - Jenison","Mister Car Wash - Jenison","Get a fast car wash when you go to Mister Car Wash. Mister Car Wash - Jenison is located at 325 Baldwin Ave. Jenison, Michigan. You will find us near Baldwin Avenue and N Cottonwood Drive next to the Med Express and Auto Lab.

At this location of Mister Car Wash - Jenison , you can get a simple and quick car wash, complete with T3 conditioner and more!  Sit back and relax while your car breezes through the wash station. Leave this car wash spot with a clean and spotless car within minutes.",,NULL,NULL,NULL,NULL,NULL,0,0,100,1,Yes,No,No,No,1,In-Active,44613,"2020-11-23 06:33:42",1828315,"2020-12-03 18:20:09",NULL,NULL,No,No,WAY,NULL,NULL
6313673,1,388216,4533254,48,NULL,2350,"Mister Car Wash - Dawsonville Hwy","Mister Car Wash - Dawsonville Hwy","Get a fast car wash when you go to Mister Car Wash. Mister Car Wash - Dawsonville Hwy is located at 550 Dawsonville Hwy in Gainesville, Georgia. You’ll find us next to the Best Buy shopping center and across the street from the Exxon gas station.

At this location of Mister Car Wash - Dawsonville Hwy , you can get a simple and quick car wash, complete with T3 conditioner and more!  Sit back and relax while your car breezes through the wash station. Leave this car wash spot with a clean and spotless car within minutes.",,NULL,NULL,NULL,NULL,NULL,0,0,100,1,Yes,No,No,No,1,In-Active,44613,"2020-11-23 06:39:47",1828315,"2020-12-03 18:20:01",NULL,NULL,No,No,WAY,NULL,NULL
6313674,1,388217,4533255,48,NULL,2350,"Mister Car Wash - Athens","Mister Car Wash - Athens","Get a fast car wash when you go to Mister Car Wash. Mister Car Wash - Athens is located at 1035 Parkway Blvd in Athens, Georgia located next to the iHop, near Kohls.

At this location of Mister Car Wash - Athens , you can get a simple and quick car wash, complete with T3 conditioner and more!  Sit back and relax while your car breezes through the wash station. Leave this car wash spot with a clean and spotless car within minutes.",,NULL,NULL,NULL,NULL,NULL,0,0,100,1,Yes,No,No,No,1,In-Active,44613,"2020-11-23 06:44:54",1828315,"2020-12-03 18:19:51",NULL,NULL,No,No,WAY,NULL,NULL
6313675,1,388218,4533256,48,NULL,2350,"Mister Car Wash - Cudahy","Mister Car Wash - Cudahy","Get a fast car wash when you go to Mister Car Wash. Mister Car Wash - Cudahy is located at 5506 S Packard Ave in Cudahy, Wisconsin, near the intersection of S Packard Ave and S Whitnell Ave. You’ll find us down the street from Cudahy Shopping Center, the U.S. Post Office, and CVS Store & Pharmacy. If you’re heading north on S Packard Ave, our entrance will be on your right-hand side just after Midas.

At this location of Mister Car Wash - Cudahy, you can get a simple and quick car wash, complete with T3 conditioner and more!  Sit back and relax while your car breezes through the wash station. Leave this car wash spot with a clean and spotless car within minutes.",,NULL,NULL,NULL,NULL,NULL,0,0,100,1,Yes,No,No,No,1,In-Active,44613,"2020-11-23 06:53:53",1828315,"2020-12-03 18:19:42",NULL,NULL,No,No,WAY,NULL,NULL
6313676,1,388219,4533257,48,NULL,2350,"Mister Car Wash - Howell","Mister Car Wash - Howell","Get a fast car wash when you go to Mister Car Wash. Mister Car Wash - Howell is located at 160 West Layton Avenue. You will find us near the intersection of E Layton and S Howell Ave.

At this location of Mister Car Wash - Howell, you can get a simple and quick car wash, complete with T3 conditioner and more!  Sit back and relax while your car breezes through the wash station. Leave this car wash spot with a clean and spotless car within minutes.",,NULL,NULL,NULL,NULL,NULL,0,0,100,1,Yes,No,No,No,1,In-Active,44613,"2020-11-23 06:59:28",1828315,"2020-12-03 18:19:34",NULL,NULL,No,No,WAY,NULL,NULL
6313677,1,388220,4533258,48,NULL,2350,"Mister Car Wash - Oklahoma Avenue","Mister Car Wash - Oklahoma Avenue","Get a fast car wash when you go to Mister Car Wash. Mister Car Wash - Oklahoma Avenue is located at 2006 W Oklahoma Avenue, near the intersection of Oklahoma Avenue and 20th Street. You’ll find us across the street from Wheaton Franciscan Healthcare and Prime Financial.

At this location of Mister Car Wash - Oklahoma Avenue, you can get a simple and quick car wash, complete with T3 conditioner and more!  Sit back and relax while your car breezes through the wash station. Leave this car wash spot with a clean and spotless car within minutes.",,NULL,NULL,NULL,NULL,NULL,0,0,100,1,Yes,No,No,No,1,In-Active,44613,"2020-11-23 07:04:34",1828315,"2020-12-03 18:19:26",NULL,NULL,No,No,WAY,NULL,NULL
6313678,1,388221,4533259,48,NULL,2350,"Mister Car Wash - Miller Park","Mister Car Wash - Miller Park","Get a fast car wash when you go to Mister Car Wash. Mister Car Wash - Miller Park is located at 2260 Miller Park Way in Milwaukee, near the intersection of Miller Park Way and W Lincoln Ave. You’ll find us close to The U.S. Post Office, Mernards, and Dunkin’ Donuts. If you’re heading north on Miller Park Way, the Car Wash entrance will be on your right-hand side just before ACM Alarm and Detection.

At this location of Mister Car Wash - Miller Park, you can get a simple and quick car wash, complete with T3 conditioner and more!  Sit back and relax while your car breezes through the wash station. Leave this car wash spot with a clean and spotless car within minutes.",,NULL,NULL,NULL,NULL,NULL,0,0,100,1,Yes,No,No,No,1,In-Active,44613,"2020-11-23 07:10:31",1828315,"2020-12-03 18:19:18",NULL,NULL,No,No,WAY,NULL,NULL
6313679,1,388222,4533260,48,NULL,2350,"Mister Car Wash - Rawson","Mister Car Wash - Rawson","Get a fast car wash when you go to Mister Car Wash. Mister Car Wash - Rawson Park is located at 7701 W Rawson Ave in Franklin, Wisconsin, near the intersection of W Rawson Ave and S 76th St. You’ll find us by The UPS Store, Franklin Mall, and Chase Bank. If you’re heading west on Rawson Ave, the entrance will be on your right-hand side just after 7-Eleven. 

At this location of Mister Car Wash - Rawson, you can get a simple and quick car wash, complete with T3 conditioner and more!  Sit back and relax while your car breezes through the wash station. Leave this car wash spot with a clean and spotless car within minutes.",,NULL,NULL,NULL,NULL,NULL,0,0,100,1,Yes,No,No,No,1,In-Active,44613,"2020-11-23 07:15:43",1828315,"2020-12-03 18:19:09",NULL,NULL,No,No,WAY,NULL,NULL
6313680,1,388223,4533261,48,NULL,2350,"Mister Car Wash - Good Hope","Mister Car Wash - Good Hope","Get a fast car wash when you go to Mister Car Wash. Mister Car Wash - Good Hope is located at 7338 West Good Hope Road. You will find us near the intersection of Good Hope Road and N 76th Street next to Hong Kong Express.

At this location of Mister Car Wash - Good Hope, you can get a simple and quick car wash, complete with T3 conditioner and more!  Sit back and relax while your car breezes through the wash station. Leave this car wash spot with a clean and spotless car within minutes.",,NULL,NULL,NULL,NULL,NULL,0,0,100,1,Yes,No,No,No,1,In-Active,44613,"2020-11-23 08:07:28",1828315,"2020-12-03 18:18:56",NULL,NULL,No,No,WAY,NULL,NULL
6313681,1,388224,4533262,48,NULL,2350,"Mister Car Wash - Greenfield","Mister Car Wash - Greenfield","Get a fast car wash when you go to Mister Car Wash. Mister Car Wash - Greenfield is located at 10685 W. Layton Ave,  just down the street from the Andy’s gas station. You’ll be able to see our location at the intersection of W Layton Ave and S 108th St.

At this location of Mister Car Wash - Greenfield, you can get a simple and quick car wash, complete with T3 conditioner and more!  Sit back and relax while your car breezes through the wash station. Leave this car wash spot with a clean and spotless car within minutes.",,NULL,NULL,NULL,NULL,NULL,0,0,100,1,Yes,No,No,No,1,In-Active,44613,"2020-11-23 08:17:03",1828315,"2020-12-03 18:18:46",NULL,NULL,No,No,WAY,NULL,NULL
6313682,1,388225,4533263,48,NULL,2350,"Mister Car Wash - Menomonee Falls","Mister Car Wash - Menomonee Falls","Get a fast car wash when you go to Mister Car Wash. Mister Car Wash - Menomonee Falls is located at N95 W18255 Appleton Ave in Menomonee Falls, Wisconsin, near the intersection of Appleton Ave and County Line Rd. You can find us close to Marcus Menomonee Falls Cinema, The Home Depot, and Target.

At this location of Mister Car Wash - Menomonee, you can get a simple and quick car wash, complete with T3 conditioner and more!  Sit back and relax while your car breezes through the wash station. Leave this car wash spot with a clean and spotless car within minutes.",,NULL,NULL,NULL,NULL,NULL,0,0,100,1,Yes,No,No,No,1,In-Active,44613,"2020-11-23 08:41:50",1828315,"2020-12-03 18:18:38",NULL,NULL,No,No,WAY,NULL,NULL
6313683,1,388226,4533264,48,NULL,2350,"Mister Car Wash - Brookfield","Mister Car Wash - Brookfield","Get a fast car wash when you go to Mister Car Wash. Mister Car Wash - Brookfield is located at 19050 W Bluemound Road near the intersection of Bluemound Road and Brookfield Road. You’ll find us close to the Acura dealership, Point Real Estate, and MLG Capital.

At this location of Mister Car Wash - Brookfield, you can get a simple and quick car wash, complete with T3 conditioner and more!  Sit back and relax while your car breezes through the wash station. Leave this car wash spot with a clean and spotless car within minutes.",,NULL,NULL,NULL,NULL,NULL,0,0,100,1,Yes,No,No,No,1,In-Active,44613,"2020-11-23 08:47:19",1828315,"2020-12-03 18:18:30",NULL,NULL,No,No,WAY,NULL,NULL
6313684,1,388227,4533265,48,NULL,2350,"Mister Car Wash - Buford","Mister Car Wash - Buford","Get a fast car wash when you go to Mister Car Wash. Mister Car Wash - Buford is located at 2825 Buford Dr, just down the street from The Shoppes at Mall Of Georgia. You’ll be able to see our location at the intersection of Buford Drive and Laurel Crossing Pkwy.

At this location of Mister Car Wash - Buford, you can get a simple and quick car wash, complete with T3 conditioner and more!  Sit back and relax while your car breezes through the wash station. Leave this car wash spot with a clean and spotless car within minutes.",,NULL,NULL,NULL,NULL,NULL,0,0,100,1,Yes,No,No,No,1,In-Active,44613,"2020-11-23 09:21:17",1828315,"2020-12-03 18:18:17",NULL,NULL,No,No,WAY,NULL,NULL
6313685,1,388228,4533266,48,NULL,2350,"Mister Car Wash - Cumming","Mister Car Wash - Cumming","Get a fast car wash when you go to Mister Car Wash. Mister Car Wash - Cumming is located at  1780 Buford Highway near the intersection of Buford Highway and One White Oak Lane. You’ll also find us close to Cumming Beverage Mart and ALDI.

At this location of Mister Car Wash - Cumming, you can get a simple and quick car wash, complete with T3 conditioner and more!  Sit back and relax while your car breezes through the wash station. Leave this car wash spot with a clean and spotless car within minutes.",,NULL,NULL,NULL,NULL,NULL,0,0,100,1,Yes,No,No,No,1,In-Active,664490,"2020-11-23 09:48:56",1828315,"2020-12-03 18:18:08",NULL,NULL,No,No,WAY,NULL,NULL
6313686,1,388229,4533267,48,NULL,2350,"Mister Car Wash - Monroe","Mister Car Wash - Monroe","Get a fast car wash when you go to Mister Car Wash. Mister Car Wash - Monroe is located at 170 Martin Luther King Jr. Blvd in Monroe, Georgia located near the Tractor Supply Co. and across the street from Longhorn Steakhouse.

At this location of Mister Car Wash - Monroe, you can get a simple and quick car wash, complete with T3 conditioner and more!  Sit back and relax while your car breezes through the wash station. Leave this car wash spot with a clean and spotless car within minutes.",,NULL,NULL,NULL,NULL,NULL,0,0,100,1,Yes,No,No,No,1,In-Active,664490,"2020-11-23 09:59:33",1828315,"2020-12-03 18:17:58",NULL,NULL,No,No,WAY,NULL,NULL
6313687,1,388230,4533268,48,NULL,2350,"Mister Car Wash - Stone Mountain","Mister Car Wash - Stone Mountain","Get a fast car wash when you go to Mister Car Wash. Mister Car Wash - Stone Mountain is located at 4850 Stone Mountain Highway in Lilburn. We are near Stone Mountain Square and a number of shopping centers including Eastmont Shopping Center, Mountain East Shopping Center and Stone Mountain Festival Shopping Center.

At this location of Mister Car Wash - Stone Mountain, you can get a simple and quick car wash, complete with T3 conditioner and more!  Sit back and relax while your car breezes through the wash station. Leave this car wash spot with a clean and spotless car within minutes.",,NULL,NULL,NULL,NULL,NULL,0,0,100,1,Yes,No,No,No,1,In-Active,44613,"2020-11-23 10:13:08",1828315,"2020-12-03 18:17:49",NULL,NULL,No,No,WAY,NULL,NULL
6313688,1,388231,4533269,48,NULL,2350,"Mister Car Wash - Covington","Mister Car Wash - Covington","Get a fast car wash when you go to Mister Car Wash. Mister Car Wash - Covington is located at 3621 Hwy 278 NE in Covington, GA, near the intersection of Hwy 278 NE and Elm St NE. You’ll also find us close to Big Lots, Kroger and Ross Dress for Less in Covington Corners Shopping Center. If you’re driving east on Hwy 278, entrance will be on your right-hand side, just after Walgreens.

At this location of Mister Car Wash - Covington, you can get a simple and quick car wash, complete with T3 conditioner and more!  Sit back and relax while your car breezes through the wash station. Leave this car wash spot with a clean and spotless car within minutes.",,NULL,NULL,NULL,NULL,NULL,0,0,100,1,Yes,No,No,No,1,In-Active,44613,"2020-11-23 10:17:49",1828315,"2020-12-03 18:17:41",NULL,NULL,No,No,WAY,NULL,NULL
6313689,1,388232,4533270,48,NULL,2350,"Mister Car Wash - Peachtree","Mister Car Wash - Peachtree","Get a fast car wash when you go to Mister Car Wash. Mister Car Wash - Peachtree is located at 930 Peachtree Pkwy next to Paul Martin Interiors.

At this location of Mister Car Wash - Peachtree, you can get a simple and quick car wash, complete with T3 conditioner and more!  Sit back and relax while your car breezes through the wash station. Leave this car wash spot with a clean and spotless car within minutes.",,NULL,NULL,NULL,NULL,NULL,0,0,100,1,Yes,No,No,No,1,In-Active,664490,"2020-11-23 10:21:13",1828315,"2020-12-03 18:17:33",NULL,NULL,No,No,WAY,NULL,NULL
6313690,1,388233,4533271,48,NULL,2350,"Mister Car Wash - Conyers","Mister Car Wash - Conyers","Get a fast car wash when you go to Mister Car Wash. Mister Car Wash - Conyers is located at  2281 Hwy 20 SE in Conyers, Georgia, near the intersection of McDonough Hwy and Miller Chapel Rd SE. You’ll also find us close to Target, Starbucks, and Ross Dress for Less. If you're driving south on McDonough Hwy, our entrance will be on your right-hand side just after Jim N Nick’s Bar-B-Q.

At this location of Mister Car Wash - Conyers, you can get a simple and quick car wash, complete with T3 conditioner and more!  Sit back and relax while your car breezes through the wash station. Leave this car wash spot with a clean and spotless car within minutes.",,NULL,NULL,NULL,NULL,NULL,0,0,100,1,Yes,No,No,No,1,In-Active,44613,"2020-11-23 10:26:00",1828315,"2020-12-03 18:17:18",NULL,NULL,No,No,WAY,NULL,NULL
6313691,1,388234,4533272,48,NULL,2350,"Mister Car Wash - State Bridge","Mister Car Wash - State Bridge","Get a fast car wash when you go to Mister Car Wash. Mister Car Wash - State Bridge is  located at 11110 State Bridge Rd, near the intersection of State Bridge Rd and Kimball Bridge Rd. You’ll find us close to Boca Bargoons Alpharetta and It’s A Dog’s Life Doggy Daycare & Resort.

At this location of Mister Car Wash - State Bridge, you can get a simple and quick car wash, complete with T3 conditioner and more!  Sit back and relax while your car breezes through the wash station. Leave this car wash spot with a clean and spotless car within minutes.",,NULL,NULL,NULL,NULL,NULL,0,0,100,1,Yes,No,No,No,1,In-Active,664490,"2020-11-23 10:31:11",1828315,"2020-12-03 18:17:08",NULL,NULL,No,No,WAY,NULL,NULL
6313692,1,388235,4533273,48,NULL,2350,"Mister Car Wash - Riverstone","Mister Car Wash - Riverstone","Get a fast car wash when you go to Mister Car Wash. Mister Car Wash - Riverstone is located at 651 Riverstone Pkwy, near the intersection of Riverstone Pkwy and Reinhardt College Pkwy. You’ll find us close to Ameris Bank and Freedom Powersports.

At this location of Mister Car Wash - Riverstone, you can get a simple and quick car wash, complete with T3 conditioner and more!  Sit back and relax while your car breezes through the wash station. Leave this car wash spot with a clean and spotless car within minutes.",,NULL,NULL,NULL,NULL,NULL,0,0,100,1,Yes,No,No,No,1,In-Active,664490,"2020-11-23 10:54:14",1828315,"2020-12-03 18:17:00",NULL,NULL,No,No,WAY,NULL,NULL
6313693,1,388236,4533274,48,NULL,2350,"Mister Car Wash - Gallatin","Mister Car Wash - Gallatin","Get a fast car wash when you go to Mister Car Wash. Mister Car Wash - Gallatin is located at 941 Memory Lane in Gallatin, Tennessee. You’ll be able to find us near NCG Gallatin, Lowe’s Home Improvement and Volunteer State Community College. From Nashville Pike, turn onto Memory Lane and our entrance will be on your left-hand side.

At this location of Mister Car Wash - Gallatin, you can get a simple and quick car wash, complete with T3 conditioner and more!  Sit back and relax while your car breezes through the wash station. Leave this car wash spot with a clean and spotless car within minutes.",,NULL,NULL,NULL,NULL,NULL,0,0,100,1,Yes,No,No,No,1,In-Active,44613,"2020-11-23 10:56:00",1828315,"2020-12-03 18:16:51",NULL,NULL,No,No,WAY,NULL,NULL
6313694,1,388237,4533275,48,NULL,2350,"Mister Car Wash - Oshkosh","Mister Car Wash - Oshkosh","Get a fast car wash when you go to Mister Car Wash. Mister Car Wash - Oshkosh is located at 1490 Capital Dr, near the intersection of WI Trunk 44 and W 20th Ave. You’ll find us close to Target, Petco Animal Supplies, and Advance Auto Parts. If you’re driving east on Capital Dr, the entrance will be on your left-hand side after passing Ichiban Sushi House.

At this location of Mister Car Wash - Oshkosh, you can get a simple and quick car wash, complete with T3 conditioner and more!  Sit back and relax while your car breezes through the wash station. Leave this car wash spot with a clean and spotless car within minutes.",,NULL,NULL,NULL,NULL,NULL,0,0,100,1,Yes,No,No,No,1,In-Active,44613,"2020-11-23 11:01:02",1828315,"2020-12-03 18:16:43",NULL,NULL,No,No,WAY,NULL,NULL
6313695,1,388238,4533276,48,NULL,2350,"Mister Car Wash - Piedmont","Mister Car Wash - Piedmont","Get a fast car wash when you go to Mister Car Wash. Mister Car Wash - Piedmont is located at 2980 Piedmont Road in Atlanta, Georgia, close to Frankia Allen Park and Sports Authority Sporting Goods. If you’re heading East on Pharr Road, take a right onto Piedmont Road and our entrance will be in front of the post office on your right-hand side, just before the Residence Inn Atlanta Buckhead.

At this location of Mister Car Wash - Piedmont, you can get a simple and quick car wash, complete with T3 conditioner and more!  Sit back and relax while your car breezes through the wash station. Leave this car wash spot with a clean and spotless car within minutes.",,NULL,NULL,NULL,NULL,NULL,0,0,100,1,Yes,No,No,No,1,In-Active,44613,"2020-11-23 11:05:26",1828315,"2020-12-03 18:16:32",NULL,NULL,No,No,WAY,NULL,NULL
6313696,1,388239,4533277,48,NULL,2350,"Mister Car Wash - Ponce","Mister Car Wash - Ponce","Get a fast car wash when you go to Mister Car Wash. Mister Car Wash - Ponce is located at 575 Ponce De Leon Ave in Atlanta, on the corner of Ponce De Leon Ave and Glen Iris Dr. close to The Home Depot and Whole Foods. Our entrance will be on your right-hand side either going East on Ponce De Leon or South on Glen Iris Dr.

At this location of Mister Car Wash - Ponce, you can get a simple and quick car wash, complete with T3 conditioner and more!  Sit back and relax while your car breezes through the wash station. Leave this car wash spot with a clean and spotless car within minutes.",,NULL,NULL,NULL,NULL,NULL,0,0,100,1,Yes,No,No,No,1,In-Active,44613,"2020-11-23 11:11:06",1828315,"2020-12-03 18:16:23",NULL,NULL,No,No,WAY,NULL,NULL
6313697,1,388240,4533278,48,NULL,2350,"Mister Car Wash - Hendersonville","Mister Car Wash - Hendersonville","Get a fast car wash when you go to Mister Car Wash. Mister Car Wash - Hendersonville is located at 223 East Main Street. You’ll be able to find us directly in front of the Maple Row Shopping Center near Kroger, The UPS Store and Office Depot.

At this location of Mister Car Wash - Hendersonville, you can get a simple and quick car wash, complete with T3 conditioner and more!  Sit back and relax while your car breezes through the wash station. Leave this car wash spot with a clean and spotless car within minutes.",,NULL,NULL,NULL,NULL,NULL,0,0,100,1,Yes,No,No,No,1,In-Active,44613,"2020-11-23 11:17:30",1828315,"2020-12-03 18:16:14",NULL,NULL,No,No,WAY,NULL,NULL
6313698,1,388241,4533279,48,NULL,2350,"Mister Car Wash - Mount Juliet","Mister Car Wash - Mount Juliet","Get a fast car wash when you go to Mister Car Wash. Mister Car Wash - Mount Juliet is located at 457 North Mount Juliet Road, near Academy Sports + Outdoors, Walmart Supercenter and Lowe’s Home Improvement. If you’re heading North on Mount Juliet Road, turn right onto Parkwood Drive and you’ll see our entrance on your left-hand side.

At this location of Mister Car Wash - Mount Juliet, you can get a simple and quick car wash, complete with T3 conditioner and more!  Sit back and relax while your car breezes through the wash station. Leave this car wash spot with a clean and spotless car within minutes.",,NULL,NULL,NULL,NULL,NULL,0,0,100,1,Yes,No,No,No,1,In-Active,44613,"2020-11-23 11:22:24",44613,"2020-12-02 03:47:14",NULL,NULL,No,No,WAY,NULL,NULL
6313699,1,388242,4533280,48,NULL,2350,"Mister Car Wash - Hwy 96","Mister Car Wash - Hwy 96","Get a fast car wash when you go to Mister Car Wash. Mister Car Wash - Hwy 96 is located at 3320 Franklin Road in Murfreesboro, Tennessee. We are located near Sam’s Club, Kroger and The UPS Store. If you are heading West on Franklin Road, you’ll be able to see our entrance on your right-hand side.

At this location of Mister Car Wash - Hwy 96, you can get a simple and quick car wash, complete with T3 conditioner and more!  Sit back and relax while your car breezes through the wash station. Leave this car wash spot with a clean and spotless car within minutes.",,NULL,NULL,NULL,NULL,NULL,0,0,100,1,Yes,No,No,No,1,In-Active,44613,"2020-11-23 12:01:57",1828315,"2020-12-03 18:16:02",NULL,NULL,No,No,WAY,NULL,NULL
6313700,1,388243,4533281,48,NULL,2350,"Mister Car Wash - Nashboro","Mister Car Wash - Nashboro","Get a fast car wash when you go to Mister Car Wash. Mister Car Wash - Nashboro is located 2130 Murfreesboro Pike! We are situated in-between Una Elementary School and Kroger, right across the street from Nashboro Animal Hospital.

At this location of Mister Car Wash - Nashboro, you can get a simple and quick car wash, complete with T3 conditioner and more!  Sit back and relax while your car breezes through the wash station. Leave this car wash spot with a clean and spotless car within minutes.",,NULL,NULL,NULL,NULL,NULL,0,0,100,1,Yes,No,No,No,1,In-Active,44613,"2020-11-23 12:06:36",1828315,"2020-12-03 18:15:50",NULL,NULL,No,No,WAY,NULL,NULL
6313701,1,388244,4533282,48,NULL,2350,"Mister Car Wash - East Nashville","Mister Car Wash - East Nashville","Get a fast car wash when you go to Mister Car Wash. Mister Car Wash - East Nashville is located  2831 Gallatin Pike, down the street from Auto Zone and O’Reilly Auto Parts.

At this location of Mister Car Wash - East Nashville, you can get a simple and quick car wash, complete with T3 conditioner and more!  Sit back and relax while your car breezes through the wash station. Leave this car wash spot with a clean and spotless car within minutes.",,NULL,NULL,NULL,NULL,NULL,0,0,100,1,Yes,No,No,No,1,In-Active,44613,"2020-11-23 12:11:00",1828315,"2020-12-03 18:15:38",NULL,NULL,No,No,WAY,NULL,NULL
6313702,1,388245,4533283,48,NULL,2350,"Mister Car Wash - Hiram","Mister Car Wash - Hiram","Get a fast car wash when you go to Mister Car Wash. Mister Car Wash - Hiram is located at 5651 Wendy Bagwell Pkwy in Hiram, GA, near the intersection of Highway 278 NE and Bill Carruth Pkwy. You’ll also find us near Carmike Cinemas Movies 278, Target, The Home Depot and Best Buy. If you’re heading north on Wendy Bagwell Pkwy,  entrance will be on your right-hand side just after Little Cesars Pizza.

At this location of Mister Car Wash - East Hiram, you can get a simple and quick car wash, complete with T3 conditioner and more!  Sit back and relax while your car breezes through the wash station. Leave this car wash spot with a clean and spotless car within minutes.",,NULL,NULL,NULL,NULL,NULL,0,0,100,1,Yes,No,No,No,1,In-Active,44613,"2020-11-23 12:16:19",1828315,"2020-12-03 18:15:29",NULL,NULL,No,No,WAY,NULL,NULL
6313703,1,388246,4533284,48,NULL,2350,"Mister Car Wash - State Street","Mister Car Wash - State Street","Get a fast car wash when you go to Mister Car Wash. Mister Car Wash - State Street is located at at 3708 E. State Street. We are positioned in-between Fairview Blvd and Alpine Road near Fairview Shopping Center and Dominoes Pizza. If you’re heading East on State Street, entrance on your left-hand side just after Johnny Pamcakes.

At this location of Mister Car Wash - State St, you can get a simple and quick car wash, complete with T3 conditioner and more!  Sit back and relax while your car breezes through the wash station. Leave this car wash spot with a clean and spotless car within minutes.",,NULL,NULL,NULL,NULL,NULL,0,0,100,1,Yes,No,No,No,1,In-Active,44613,"2020-11-23 12:23:53",1828315,"2020-12-03 18:15:19",NULL,NULL,No,No,WAY,NULL,NULL
6313704,1,388247,4533285,48,NULL,2350,"Mister Car Wash - Old National","Mister Car Wash - Old National","Get a fast car wash when you go to Mister Car Wash. Mister Car Wash - Old National is located at 6165 Old National Highway, just beside Walmart Supercenter. Nearby landmarks include Tucker Memorial Park and Flat Shoals Road. the entrance will be on your left-hand side if you are heading Northbound on Old National Highway, in-between Stone Gate Bottleshop and College Park Tire & Auto.

At this location of Mister Car Wash - Old National, you can get a simple and quick car wash, complete with T3 conditioner and more!  Sit back and relax while your car breezes through the wash station. Leave this car wash spot with a clean and spotless car within minutes.",,NULL,NULL,NULL,NULL,NULL,0,0,100,1,Yes,No,No,No,1,In-Active,44613,"2020-11-23 12:29:52",1828315,"2020-12-03 18:15:12",NULL,NULL,No,No,WAY,NULL,NULL
6313705,1,388248,4533286,48,NULL,2350,"Mister Car Wash - Acworth","Mister Car Wash - Acworth","Get a fast car wash when you go to Mister Car Wash. Mister Car Wash - Acworth is located at 3530 N. Cobb Pkwy in Acworth, Georgia, near the intersection of Mars Hill Rd and Cobb Pkwy N. You’ll also find us close to Beverage Mart.

At this location of Mister Car Wash - Acworth, you can get a simple and quick car wash, complete with T3 conditioner and more!  Sit back and relax while your car breezes through the wash station. Leave this car wash spot with a clean and spotless car within minutes.",,NULL,NULL,NULL,NULL,NULL,0,0,100,1,Yes,No,No,No,1,In-Active,664490,"2020-11-23 12:52:28",44613,"2020-12-02 03:49:27",NULL,NULL,No,No,WAY,NULL,NULL
6313706,1,388249,4533287,48,NULL,2350,"Mister Car Wash - Hermitage","Mister Car Wash - Hermitage","Get a fast car wash when you go to Mister Car Wash. Mister Car Wash - Hermitage is located at 4841 Lebanon Pike, up the street from Walmart Supercenter, Oakwood Commons and Hills Shopping Center. If you’re heading East on Lebanon Pike, you’ll be able to see our entrance on your left-hand side, just after Oakwood Cleaners.

At this location of Mister Car Wash - Hermitage, you can get a simple and quick car wash, complete with T3 conditioner and more!  Sit back and relax while your car breezes through the wash station. Leave this car wash spot with a clean and spotless car within minutes.",,NULL,NULL,NULL,NULL,NULL,0,0,100,1,Yes,No,No,No,1,In-Active,664490,"2020-11-23 13:28:55",1828315,"2020-12-03 18:15:02",NULL,NULL,No,No,WAY,NULL,NULL
6313707,1,388250,4533288,48,NULL,2350,"Mister Car Wash - Murfreesboro","Mister Car Wash - Murfreesboro","Get a fast car wash when you go to Mister Car Wash. Mister Car Wash - Murfreesboro is located at 3337 Memorial Boulevard, next to Erma Siegel Elementary School and Publix Super Market. If you’re heading North on Memorial Boulevard, you’ll be able to see our entrance on your left-hand side, just after Subway.

At this location of Mister Car Wash - Murfreesboro, you can get a simple and quick car wash, complete with T3 conditioner and more!  Sit back and relax while your car breezes through the wash station. Leave this car wash spot with a clean and spotless car within minutes.",,NULL,NULL,NULL,NULL,NULL,0,0,100,1,Yes,No,No,No,1,In-Active,664490,"2020-11-23 13:56:13",1828315,"2020-12-03 18:14:53",NULL,NULL,No,No,WAY,NULL,NULL
6313708,1,388251,4533289,48,NULL,2350,"Mister Car Wash - Marietta","Mister Car Wash - Marietta","Get a fast car wash when you go to Mister Car Wash. Mister Car Wash - Marietta is located at 3330 Dallas Hwy, Marietta, Georgia, near the intersection of Dallas Hwy and Bob Cox Rd. You’ll also find us close to Compass Self Storage and U-Haul.

At this location of Mister Car Wash - Marietta, you can get a simple and quick car wash, complete with T3 conditioner and more!  Sit back and relax while your car breezes through the wash station. Leave this car wash spot with a clean and spotless car within minutes.",,NULL,NULL,NULL,NULL,NULL,0,0,100,1,Yes,No,No,No,1,In-Active,664490,"2020-11-23 14:02:52",1828315,"2020-12-03 18:14:45",NULL,NULL,No,No,WAY,NULL,NULL
6313709,1,388252,4533290,48,NULL,2350,"Mister Car Wash - Northside","Mister Car Wash - Northside","Get a fast car wash when you go to Mister Car Wash. Mister Car Wash - Northside is located at 2239 Gallatin Pike near Shoppes at Rivergate, Walmart Supercenter, Old Navy and Best Buy. If you’re heading east on Gallatin Pike N, our entrance will be on your right-hand side just before Rooms To Go.

At this location of Mister Car Wash - Northside, you can get a simple and quick car wash, complete with T3 conditioner and more!  Sit back and relax while your car breezes through the wash station. Leave this car wash spot with a clean and spotless car within minutes.",,NULL,NULL,NULL,NULL,NULL,0,0,100,1,Yes,No,No,No,1,In-Active,664490,"2020-11-24 03:46:41",1828315,"2020-12-03 18:14:38",NULL,NULL,No,No,WAY,NULL,NULL
6313710,1,388253,4533291,48,NULL,2350,"Mister Car Wash - Aspen Drive","Mister Car Wash - Aspen Drive","Get a fast car wash when you go to Mister Car Wash. Mister Car Wash - Aspen Drive is located at  44 Aspen Drive in Dallas, Georgia. You’ll find us nearby Dollar Tree off of Charles Hardy Parkway and Aspen Drive.

At this location of Mister Car Wash - Aspen Drive, you can get a simple and quick car wash, complete with T3 conditioner and more!  Sit back and relax while your car breezes through the wash station. Leave this car wash spot with a clean and spotless car within minutes.",,NULL,NULL,NULL,NULL,NULL,0,0,100,1,Yes,No,No,No,1,In-Active,664490,"2020-11-24 03:57:38",1828315,"2020-12-03 18:14:24",NULL,NULL,No,No,WAY,NULL,NULL
6313711,1,388254,4533292,48,NULL,2350,"Mister Car Wash - Lovejoy","Mister Car Wash - Lovejoy","Get a fast car wash when you go to Mister Car Wash. Mister Car Wash - Lovejoy is located at next to Lovejoy Station Shopping Center, Lovejoy Regional Park and Walmart. If you’re heading Northbound on Tara Boulevard, the entrance to our Lovejoy location will be on your left, before McDonough Road, in-between McDonald’s and Taco Bell.

At this location of Mister Car Wash - Lovejoy, you can get a simple and quick car wash, complete with T3 conditioner and more!  Sit back and relax while your car breezes through the wash station. Leave this car wash spot with a clean and spotless car within minutes.",,NULL,NULL,NULL,NULL,NULL,0,0,100,1,Yes,No,No,No,1,In-Active,44613,"2020-11-24 04:06:21",1828315,"2020-12-03 18:14:13",NULL,NULL,No,No,WAY,NULL,NULL
6313712,1,388255,4533293,48,NULL,2350,"Mister Car Wash - Smyrna","Mister Car Wash - Smyrna","Get a fast car wash when you go to Mister Car Wash. Mister Car Wash - Smyrna is located at 1200 Needham Drive, close to the Sam Ridley Pkwy W. and Old Nashville Hwy intersection. Nearby establishments include Lowe’s Home Improvement, The Home Depot and Academy Sports + Outdoors. Once you’ve turn onto Needham Drive from Sam Ridley Parkway, you’ll notice our entrance on your left-hand side.

At this location of Mister Car Wash - Smyrna, you can get a simple and quick car wash, complete with T3 conditioner and more!  Sit back and relax while your car breezes through the wash station. Leave this car wash spot with a clean and spotless car within minutes.",,NULL,NULL,NULL,NULL,NULL,0,0,100,1,Yes,No,No,No,1,In-Active,664490,"2020-11-24 04:13:35",1828315,"2020-12-03 18:14:05",NULL,NULL,No,No,WAY,NULL,NULL
6313713,1,388256,4533294,48,NULL,2350,"Mister Car Wash - LaVergne","Mister Car Wash - LaVergne","Get a fast car wash when you go to Mister Car Wash. Mister Car Wash - LaVergne is located at  4201 Hurricane Creek Blvd. in Antioch TN.

At this location of Mister Car Wash - LaVergne, you can get a simple and quick car wash, complete with T3 conditioner and more!  Sit back and relax while your car breezes through the wash station. Leave this car wash spot with a clean and spotless car within minutes.",,NULL,NULL,NULL,NULL,NULL,0,0,100,1,Yes,No,No,No,1,In-Active,664490,"2020-11-24 04:25:36",1828315,"2020-12-03 18:13:51",NULL,NULL,No,No,WAY,NULL,NULL
6313714,1,388257,4533295,48,NULL,2350,"Mister Car Wash - Nolensville Pike","Mister Car Wash - Nolensville Pike","Get a fast car wash when you go to Mister Car Wash. Mister Car Wash - Nolensville Pike is located at 4024 Nolensville Pike, near TriStar Southern Hills Medical Center, the US Post Office and Walmart Supercenter.

At this location of Mister Car Wash - Nolensville Pike, you can get a simple and quick car wash, complete with T3 conditioner and more!  Sit back and relax while your car breezes through the wash station. Leave this car wash spot with a clean and spotless car within minutes.",,NULL,NULL,NULL,NULL,NULL,0,0,100,1,Yes,No,No,No,1,In-Active,12522,"2020-11-24 04:29:43",1828315,"2020-12-03 18:13:44",NULL,NULL,No,No,WAY,NULL,NULL
6313715,1,388258,4533296,48,NULL,2350,"Mister Car Wash - Douglasville","Mister Car Wash - Douglasville","Get a fast car wash when you go to Mister Car Wash. Mister Car Wash - Douglasville is located at 6984 Douglas Blvd, near the intersection of Douglas Blvd and Bill Arp Rd. Close to Lowe’s Home Improvement, Best Buy and The Home Depot. If you’re driving east on Douglas Blvd, entrance will be on your right-hand side just before Bank of America Financial Center.

At this location of Mister Car Wash - Douglasville, you can get a simple and quick car wash, complete with T3 conditioner and more!  Sit back and relax while your car breezes through the wash station. Leave this car wash spot with a clean and spotless car within minutes.",,NULL,NULL,NULL,NULL,NULL,0,0,100,1,Yes,No,No,No,1,In-Active,12522,"2020-11-24 04:48:12",1828315,"2020-12-03 18:13:33",NULL,NULL,No,No,WAY,NULL,NULL
6313716,1,388259,4533297,48,NULL,2350,"Mister Car Wash - Griffin","Mister Car Wash - Griffin","Get a fast car wash when you go to Mister Car Wash. Mister Car Wash - Griffin is located at 557 North Expressway, right next to Griffin Fire Department and down the street from Home Depot. If you heading North on the Expressway, entrance will be on your right-hand side, just before the Auto Zone on Lyndon Ave and across the street from Sally Beauty Supply.

At this location of Mister Car Wash - Griffin, you can get a simple and quick car wash, complete with T3 conditioner and more!  Sit back and relax while your car breezes through the wash station. Leave this car wash spot with a clean and spotless car within minutes.",,NULL,NULL,NULL,NULL,NULL,0,0,100,1,Yes,No,No,No,1,In-Active,12522,"2020-11-24 04:59:33",1828315,"2020-12-03 18:13:24",NULL,NULL,No,No,WAY,NULL,NULL
6313734,1,388260,4533298,48,NULL,2350,"Mister Car Wash - Needmore","Mister Car Wash - Needmore","Get a fast car wash when you go to Mister Car Wash. Mister Car Wash - Needmore is located at 2640 Wilma Rudolph Blvd. near the intersection of Wilma Rudolph Blvd. and Needmore Rd. ,find us close to Mission BBQ and Wyatt Johnson Used Cars.

At this location of Mister Car Wash - Needmore, you can get a simple and quick car wash, complete with T3 conditioner and more!  Sit back and relax while your car breezes through the wash station. Leave this car wash spot with a clean and spotless car within minutes.",,NULL,NULL,NULL,NULL,NULL,0,0,100,1,Yes,No,No,No,1,In-Active,12522,"2020-11-24 05:16:47",1828315,"2020-12-03 18:13:15",NULL,NULL,No,No,WAY,NULL,NULL
6313735,1,388261,4533299,48,NULL,2350,"Mister Car Wash -Dunbar Cave","Mister Car Wash -Dunbar Cave","Get a fast car wash when you go to Mister Car Wash. Mister Car Wash - Dunbar Cave is located at 1820 Wilma Rudolph Blvd, near the intersection of Wilma Rudolph Blvd and Dunbar Cave Rd. You’ll find us close to Mattress Express and Baldwins Appliance and Mattress.

At this location of Mister Car Wash -Dunbar Cave, you can get a simple and quick car wash, complete with T3 conditioner and more!  Sit back and relax while your car breezes through the wash station. Leave this car wash spot with a clean and spotless car within minutes.",,NULL,NULL,NULL,NULL,NULL,0,0,100,1,Yes,No,No,No,1,In-Active,664490,"2020-11-24 05:20:54",1828315,"2020-12-03 18:13:08",NULL,NULL,No,No,WAY,NULL,NULL
6313736,1,388262,4533300,48,NULL,2350,"Mister Car Wash - Park St","Mister Car Wash - Park St","Get a fast car wash when you go to Mister Car Wash. Mister Car Wash - Park St is located at  907 S Park St in Madison, Wisconsin, near the intersection of Park St and Erin St. You’ll find us close to St. Mary’s Hospital Medical Center, Subway and Ichiban Sichuan. If you’re driving N on Park St, our entrance will be on your right-hand side, across the street from Famous Dave’s Bar-B-Que.

At this location of Mister Car Wash - Park St, you can get a simple and quick car wash, complete with T3 conditioner and more!  Sit back and relax while your car breezes through the wash station. Leave this car wash spot with a clean and spotless car within minutes.",,NULL,NULL,NULL,NULL,NULL,0,0,100,1,Yes,No,No,No,1,In-Active,664490,"2020-11-24 05:28:48",1828315,"2020-12-03 18:13:00",NULL,NULL,No,No,WAY,NULL,NULL
6313737,1,388263,4533301,48,NULL,2350,"Mister Car Wash - E. Madison","Mister Car Wash - E. Madison","Get a fast car wash when you go to Mister Car Wash. Mister Car Wash - E. Madison is located at 1039 E Washington Ave in Madison, Wisconsin, on the corner of where E Washington Ave and S Ingersoll St intersect. Find us close to Lapham Elementary School, Breese Stevens Field and Madison Enterprise Center. Driving east on Washington Ave, entrance will be on your right-hand side kitty corner from Jiffy Lube.

At this location of Mister Car Wash - E. Madison, you can get a simple and quick car wash, complete with T3 conditioner and more!  Sit back and relax while your car breezes through the wash station. Leave this car wash spot with a clean and spotless car within minutes.",,NULL,NULL,NULL,NULL,NULL,0,0,100,1,Yes,No,No,No,1,In-Active,12522,"2020-11-24 05:30:45",1828315,"2020-12-03 18:12:45",NULL,NULL,No,No,WAY,NULL,NULL
6313738,1,388264,4533302,48,NULL,2350,"Mister Car Wash - W. Madison","Mister Car Wash - W. Madison","Get a fast car wash when you go to Mister Car Wash. Mister Car Wash - W. Madison is located at 2202 University Ave in Madison, Wisconsin, near the intersection of University Ave and Highland Ave. You’ll find us close to Madison VA Hospital, University of Wisconsin School of Medicine and Best Western Plus Inntowner Madison. If you’re heading east on University Ave, our entrance will be on your left-hand side right after BP

At this location of Mister Car Wash - W. Madison, you can get a simple and quick car wash, complete with T3 conditioner and more!  Sit back and relax while your car breezes through the wash station. Leave this car wash spot with a clean and spotless car within minutes.",,NULL,NULL,NULL,NULL,NULL,0,0,100,1,Yes,No,No,No,1,In-Active,664490,"2020-11-24 05:49:42",1828315,"2020-12-03 18:12:25",NULL,NULL,No,No,WAY,NULL,NULL
6313739,1,388265,4533303,48,NULL,2350,"Mister Car Wash - Dover Crossing","Mister Car Wash - Dover Crossing","Get a fast car wash when you go to Mister Car Wash. Mister Car Wash - Dover Crossing is located at 30 Dover Crossing Road near the intersection of Fort Campbell Blvd. and Dover Crossing Rd. You’ll find us close to Easy Pawn and Jack in the Box.

At this location of Mister Car Wash - Dover Crossing, you can get a simple and quick car wash, complete with T3 conditioner and more!  Sit back and relax while your car breezes through the wash station. Leave this car wash spot with a clean and spotless car within minutes.",,NULL,NULL,NULL,NULL,NULL,0,0,100,1,Yes,No,No,No,1,In-Active,664490,"2020-11-24 06:06:46",1828315,"2020-12-03 18:12:16",NULL,NULL,No,No,WAY,NULL,NULL
6313740,1,388266,4533304,48,NULL,2350,"Mister Car Wash - Columbia","Mister Car Wash - Columbia","Get a fast car wash when you go to Mister Car Wash. Mister Car Wash - Columbia is located at 403 South James Campbell Boulevard, near Lowe’s Home Improvement, Columbia Mall, Shady Brook Mall and Shady Brook Cinemas.

At this location of Mister Car Wash - Columbia, you can get a simple and quick car wash, complete with T3 conditioner and more!  Sit back and relax while your car breezes through the wash station. Leave this car wash spot with a clean and spotless car within minutes.",,NULL,NULL,NULL,NULL,NULL,0,0,100,1,Yes,No,No,No,1,In-Active,664490,"2020-11-24 06:17:58",1828315,"2020-12-03 18:12:04",NULL,NULL,No,No,WAY,NULL,NULL
6313741,1,388267,4533305,48,NULL,2350,"Mister Car Wash - Bassett Ave","Mister Car Wash - Bassett Ave","Get a fast car wash when you go to Mister Car Wash. Mister Car Wash - Bassett Ave is located at 721 14th St SE, near iStorage and Gateway Jet Pep.

At this location of Mister Car Wash - Bassett Ave, you can get a simple and quick car wash, complete with T3 conditioner and more!  Sit back and relax while your car breezes through the wash station. Leave this car wash spot with a clean and spotless car within minutes.",,NULL,NULL,NULL,NULL,NULL,0,0,100,1,Yes,No,No,No,1,In-Active,12522,"2020-11-24 06:19:16",1828315,"2020-12-03 18:11:55",NULL,NULL,No,No,WAY,NULL,NULL
6313742,1,388268,4533306,48,NULL,2350,"Mister Car Wash - Madison","Mister Car Wash - Madison","Get a fast car wash when you go to Mister Car Wash. Mister Car Wash - Madison is located at 403 South James Campbell Boulevard, near Lowe’s Home Improvement, Columbia Mall, Shady Brook Mall and Shady Brook Cinemas.

At this location of Mister Car Wash - Madison, you can get a simple and quick car wash, complete with T3 conditioner and more!  Sit back and relax while your car breezes through the wash station. Leave this car wash spot with a clean and spotless car within minutes.",,NULL,NULL,NULL,NULL,NULL,0,0,100,1,Yes,No,No,No,1,In-Active,664490,"2020-11-24 06:39:19",1828315,"2020-12-03 18:11:48",NULL,NULL,No,No,WAY,NULL,NULL
6313743,1,388269,4533307,48,NULL,2350,"Mister Car Wash - Setter","Mister Car Wash - Setter","Get a fast car wash when you go to Mister Car Wash. Mister Car Wash - Setter is located at 627 Beltline Rd SW, near the Walmart Supercenter.

At this location of Mister Car Wash - Setter, you can get a simple and quick car wash, complete with T3 conditioner and more!  Sit back and relax while your car breezes through the wash station. Leave this car wash spot with a clean and spotless car within minutes.",,NULL,NULL,NULL,NULL,NULL,0,0,100,1,Yes,No,No,No,1,In-Active,12522,"2020-11-24 06:39:25",1828315,"2020-12-03 18:11:39",NULL,NULL,No,No,WAY,NULL,NULL
6313744,1,388270,4533308,48,NULL,2350,"Mister Car Wash - Oxford","Mister Car Wash - Oxford","Get a fast car wash when you go to Mister Car Wash. Mister Car Wash - Oxford is located at 65 Plaza Lane, right off of Highway 21. Nearby businesses include the U.S. Post Office and Walmart. If you’re heading northwest on Plaza Lane, turn left just before Chick-fil-A and you’ll see the entrance to our location on your right hand side.

At this location of Mister Car Wash - Oxford, you can get a simple and quick car wash, complete with T3 conditioner and more!  Sit back and relax while your car breezes through the wash station. Leave this car wash spot with a clean and spotless car within minutes.",,NULL,NULL,NULL,NULL,NULL,0,0,100,1,Yes,No,No,No,1,In-Active,664490,"2020-11-24 06:53:42",1828315,"2020-12-03 18:11:28",NULL,NULL,No,No,WAY,NULL,NULL
6313745,1,388271,4533309,48,NULL,2350,"Mister Car Wash - Limestone","Mister Car Wash - Limestone","Get a fast car wash when you go to Mister Car Wash. Mister Car Wash - Limestone is located at 1321 US Hwy 72 E, near the Super 8 and the Hardee’s.

At this location of Mister Car Wash -Limestone, you can get a simple and quick car wash, complete with T3 conditioner and more!  Sit back and relax while your car breezes through the wash station. Leave this car wash spot with a clean and spotless car within minutes.",,NULL,NULL,NULL,NULL,NULL,0,0,100,1,Yes,No,No,No,1,In-Active,664490,"2020-11-24 07:04:26",1828315,"2020-12-03 18:11:19",NULL,NULL,No,No,WAY,NULL,NULL
6313746,1,388272,4533310,48,NULL,2350,"Mister Car Wash - 9th Street","Mister Car Wash - 9th Street","Get a fast car wash when you go to Mister Car Wash. Mister Car Wash - 9th Street is located at 2240 Beltline Road, near Microtel.

At this location of Mister Car Wash - 9th Street, you can get a simple and quick car wash, complete with T3 conditioner and more!  Sit back and relax while your car breezes through the wash station. Leave this car wash spot with a clean and spotless car within minutes.",,NULL,NULL,NULL,NULL,NULL,0,0,100,1,Yes,No,No,No,1,In-Active,12522,"2020-11-24 07:05:08",1828315,"2020-12-03 18:11:11",NULL,NULL,No,No,WAY,NULL,NULL
6313747,1,388273,4533311,48,NULL,2350,"Mister Car Wash - Hartselle","Mister Car Wash - Hartselle","Get a fast car wash when you go to Mister Car Wash. Mister Car Wash - Hartselle is located at 1206 Hwy 31 S, near Elite Tech Services and Havoline Xpress Lube.

At this location of Mister Car Wash - Hartselle, you can get a simple and quick car wash, complete with T3 conditioner and more!  Sit back and relax while your car breezes through the wash station. Leave this car wash spot with a clean and spotless car within minutes.",,NULL,NULL,NULL,NULL,NULL,0,0,100,1,Yes,No,No,No,1,In-Active,12522,"2020-11-24 07:17:15",1828315,"2020-12-03 18:10:58",NULL,NULL,No,No,WAY,NULL,NULL
6313748,1,388274,4533312,48,NULL,2350,"Mister Car Wash - Grace","Mister Car Wash - Grace","Get a fast car wash when you go to Mister Car Wash. Mister Car Wash - Grace is located at 1321 US Hwy 72 E, near the Super 8 and the Hardee’s.

At this location of Mister Car Wash - Grace, you can get a simple and quick car wash, complete with T3 conditioner and more!  Sit back and relax while your car breezes through the wash station. Leave this car wash spot with a clean and spotless car within minutes.",,NULL,NULL,NULL,NULL,NULL,0,0,100,1,Yes,No,No,No,1,In-Active,664490,"2020-11-24 07:23:04",1828315,"2020-12-03 18:10:50",NULL,NULL,No,No,WAY,NULL,NULL
